Kind,ID,calories,carbohydrate,fat,protein,vitamine,vta,vtc,vte,carotene,thiamine,riboflavin,yansuan,cholesterol,mg,ca,iron,zinc,copper,mn,k,p,na,se
1,11,138.55,9.4,3.15,18.09,0.02,61.4,0.13,0.42,5.47,0.04,0.06,0.02,406.69,2.5,24.07,0.6,0.4,0.1,0.03,76.24,11.33,650.47,3.58
1,2499,126.12,12.69,4.93,7.89,1.67,14.18,0.38,0.15,6.61,0.16,0.04,1.63,24.11,10.58,14.59,1.1,0.94,0.06,0.14,102.51,58.61,720.29,2.9
1,2500,234.31,40.59,10.56,11.16,0.45,7.67,1.12,0.61,44.17,0.01,0.04,1.42,40.74,15.87,25.15,2.39,0.44,0.13,0.12,84.95,43.74,769.01,5.03
1,2501,129.1,20.1,3.2,5.66,0.62,18,0.75,0.57,0,0.05,0.13,0.58,11.25,27.75,97.8,1.69,0.68,0.14,0.62,110.5,99.75,31.5,2.58
1,2502,186.61,24.53,3.56,14.53,0.49,13.42,0.27,1.09,28.66,0.13,0.14,6.26,43.85,48.07,14.91,2.14,0.81,0.19,0.27,279.47,181.84,661.07,7.97
1,2503,174.67,38.4,0.43,5.33,1.07,50.67,10.67,0.48,303.33,0.03,0.06,1.3,0,15.67,22.33,2.2,0.44,0.36,0.72,185.67,66.67,27.7,2.18
1,2504,284.25,60.48,0.72,9.8,0.85,31.25,6.5,0.6,187.5,0.01,0.07,2.1,0,12,11.75,3.95,0.55,0.44,1.34,69.25,89.25,23.25,3.57
1,2505,283.72,37.47,10.55,10.19,0.31,19.99,1.28,0.17,93.91,0.06,0.09,1.12,19.65,8.71,13.03,2.14,0.61,0.04,0.22,104.22,48.56,157.6,3.15
1,2506,41.82,6.82,1.18,1.66,0.82,42.08,12.02,0.32,244.17,0.03,0.14,1,0,17.83,27.41,4.7,0.37,0.1,0.56,247.03,33.7,405.12,0.79
1,2507,53.6,5.01,1.78,5.88,1.29,356.99,23.59,1.34,2133.91,0.04,0.11,1.62,10.58,47.11,50.97,2.72,1.31,0.11,0.53,285.32,66.85,503.54,2.74
1,2508,29,4.07,0.97,2.43,1.34,296.67,21.73,1.13,1779.56,0.04,0.09,0.55,0,41.9,43.7,1.99,0.65,0.1,0.44,214.62,42.27,339.58,0.78
1,2509,53.21,4.31,2.65,4.08,1.02,53.94,19.08,1.41,324.67,0.04,0.08,0.61,0,22.08,114.3,1.33,0.62,0.14,0.31,156.7,66.86,442.76,1.46
1,2510,52.65,7.36,2.08,2.24,1.06,83.45,30.09,0.85,502.3,0.04,0.1,0.65,0,20.79,92.66,1.15,0.39,0.08,0.23,211.36,47.53,678.11,1.07
1,2511,91.35,4.72,6.9,3.7,0.97,197.57,14.08,0.77,1167.25,0.07,0.1,1.04,12.35,20,58.75,2.32,0.61,0.06,0.27,208.62,55.48,551.16,2.35
1,2512,53.57,5.82,2.34,3.9,1.52,270.12,27.19,1.2,1619.5,0.03,0.11,0.64,0,30.23,218.99,3.87,0.73,0.25,0.54,205.2,81.72,512.92,1.1
1,2513,123.66,4.11,4.09,17.73,0.19,14.74,1.02,0.19,11.13,0.06,0.11,8.79,66.13,26.06,11.03,0.69,0.47,0.07,0.22,294.69,175.82,2325.68,8.62
1,2514,84.63,1.43,3.82,11.32,0.18,25.21,0.08,1.62,108.32,0.03,0.08,1.86,55.99,21.41,38.72,1.31,0.79,0.05,0.13,205.55,137.94,186.16,4.56
1,2515,30.02,4.16,1.11,2.07,1.15,35.35,1.12,0.59,212.12,0.01,0.03,0.49,0,4.12,30.14,1.69,0.6,0.06,0.4,68.38,30.05,461.85,0.87
1,2516,38.22,5.67,1.37,2.05,1.11,436.16,28.15,0.67,2615.09,0.05,0.06,0.69,0,12.31,34.04,0.7,0.35,0.06,0.16,111.35,38.35,380.47,0.36
1,2517,40.87,4.95,1.85,3.56,2.33,567.12,24.77,0.43,3401.79,0.04,0.1,1.38,0,13.6,34.68,0.65,0.69,0.08,0.25,19.75,59.56,681.36,1.58
1,2518,49.54,9.23,1.95,1.51,2.65,0.29,0.4,0.06,1.71,0,0,0.06,0,1.49,3,0.19,0.08,0.02,0.07,23.55,8.38,679.55,0.24
1,2519,54.68,5.21,2.28,4.61,1.66,147.03,16.61,0.24,0.69,0.03,0.04,2.38,15.83,10.67,10.05,0.48,0.19,0.05,0.08,131.17,50.83,476.46,2.24
1,2520,125.84,14.43,5.37,10.52,5.57,13.64,3.56,5.86,81.32,0.13,0.08,0.93,0,60.22,55.64,2.57,1.15,0.41,0.96,556.3,152.57,327.77,2.02
1,2521,69.52,5.47,3.84,4.84,1.56,73.37,3.48,1.23,21.85,0.05,0.11,0.41,0,9.59,26.19,0.96,0.57,0.1,0.38,187.9,63.65,434.05,4.61
1,2522,50.32,2.54,0.93,8.31,0.36,16.46,2.48,0.25,85.27,0.04,0.06,2.69,21.76,21.89,18.32,1.74,1.61,0.1,0.15,236.48,96.84,370.16,4.33
1,2523,32.62,4.71,1.25,1,0.85,270.87,10.44,0.31,101.85,0.03,0.02,0.53,0,16.54,25.61,0.92,0.28,0.08,0.2,199.18,38.36,481.85,0.58
1,2524,74.72,4.01,4.5,5.72,1.16,95.98,27.44,0.67,60.98,0.06,0.13,0.5,0,9.78,26.85,1.6,0.66,0.1,0.12,186.39,73.17,529.4,5.39
1,2525,128.42,16.86,5.73,3.54,1.8,7.47,23.42,4.51,19.83,0.12,0.06,1.45,0,44.27,74.37,2.64,0.85,0.26,1.62,324.63,79.1,659.26,1.12
1,2526,132.57,4.46,8.32,10.53,0.94,300.18,5.48,0.39,1.07,0.05,0.09,2.63,48.22,18.45,18.22,1.73,1.85,0.44,0.21,212.44,91.22,356.51,17.24
1,2527,45.79,5.71,1.99,1.93,0.76,9.03,15.16,0.85,17.41,0.02,0.05,0.56,23.58,27.57,57.47,2.07,2.44,1.95,0.32,175.99,46.41,709.28,20.9
1,2528,150.89,3.6,10.82,10.13,0.46,8.99,9.34,0.45,16.79,0.43,0.09,2.95,87.03,16.95,20.51,0.72,1.05,0.09,0.08,221.81,78.7,298.74,5.75
1,2529,28.63,4.28,1.03,1.29,0.56,35.86,8.84,0.31,214.59,0.02,0.04,0.45,0,10.31,13.68,0.41,0.19,0.06,0.07,125.79,26.73,396.62,0.66
1,2530,56.67,8.07,1.23,3.87,1.14,70.2,14,1.04,401.4,0.06,0.04,0.63,0,15.53,15.04,0.71,0.27,0.08,0.15,181.4,36.35,348.97,0.31
1,2531,35.59,5.86,1.36,1.15,1.1,23.51,7.55,0.96,142.19,0.02,0.04,0.58,0,11.82,20.78,0.52,0.21,0.09,0.12,139.8,22.41,450.17,0.42
1,2532,37.65,6.04,1.57,1.14,1.25,7.86,4.88,1.04,49.04,0.02,0.04,0.61,0,15.05,24.25,0.67,0.24,0.1,0.19,141.26,25.12,625.51,0.5
1,2533,95.94,8.38,4.2,6.58,0.53,107.34,4.02,1.05,10.05,0.06,0.14,0.27,0,13.45,40.54,1.74,0.66,0.11,0.09,160.91,79.43,654.75,7.05
1,2534,70.8,8.17,2.09,5.58,0.65,3.58,5.74,0.18,14.59,0.04,0.05,1.67,13.3,15.51,19.53,1.13,1.02,0.08,0.11,168.57,67.15,556.45,3.09
1,2535,31.92,3.99,1.65,1.09,0.87,23.86,20.93,0.55,142.7,0.02,0.03,0.28,0,14.43,21.18,0.62,0.2,0.06,0.12,126.87,26.29,556.18,0.47
1,2536,77.18,7.77,3.29,4.52,3.53,56.32,5.96,1.88,58.21,0.05,0.12,0.45,0,28,53.2,11.14,0.67,0.1,1,177.25,72.08,535.45,3.41
1,2537,69.02,3.82,2.27,8.78,0.42,258.54,4.05,3.1,430.1,0.04,0.15,1.02,128.37,15.53,69.02,1.62,1.85,1.45,0.28,161.09,99.64,471.59,27.51
1,2538,69.63,9.4,2.14,3.98,1.46,118.88,6.69,5.73,714.87,0.03,0.04,0.41,0,33.76,17.53,0.84,0.44,0.17,0.5,214.43,25.61,666.64,1
1,2539,327.06,9.89,27.29,11.05,5.73,22.05,2.44,2.39,45.75,0.17,0.19,2.76,50,40.52,55.76,19.44,1.92,0.11,1.71,285.56,159.26,1522.38,8.26
1,2540,108.55,11.77,7.77,4.77,6.86,8.22,3.56,2.04,35.89,0.12,0.08,1.07,10.96,30.13,24.58,1.47,1.59,0.17,1.73,276.81,79.65,335.92,2
1,2541,91.44,3.49,3.35,13.01,0.91,9.18,1.83,0.57,33.75,0.09,0.14,5.03,34.52,19.31,8.55,2.19,2.35,0.15,0.13,240.03,133.25,736.38,6.41
1,2542,98.7,11.06,2.62,8,0.51,8.89,17.3,0.33,24.82,0.07,0.07,2.6,17.26,21.82,12.42,1.44,1.36,0.13,0.18,301.11,77.07,866.47,3.67
1,2543,75.39,2.32,5.36,5.61,0.97,46.36,3.13,0.19,207.5,0.01,0.15,2.45,44.02,19.74,23.03,4.21,0.61,0.1,0.48,186.04,71.95,40,4.17
1,2544,94.03,6.1,3.48,9.56,0.36,13.43,6.43,0.19,7.71,0.04,0.07,5.33,39.05,17.81,7.75,0.96,0.37,0.06,0.06,186.87,108.3,394.87,5.4
1,2545,175.56,12.78,5.29,19.12,2.03,20.7,0,1.83,0,0.15,0.13,8.91,64.06,44.95,21.55,1.44,0.86,0.14,0.24,424.97,217.77,489.45,8.54
1,2546,107.69,3.04,4.81,13.42,0.36,5.09,0,1.6,0,0.04,0.2,1.44,39.81,21.58,28.53,1.39,1,0.07,0.05,217.1,112.59,1169.95,6.34
1,2547,116.05,0.74,5.58,15.97,0.2,13.4,0.28,1.98,17.76,0.04,0.11,2.7,81.59,30.79,40.57,0.85,0.85,0.06,0.08,306.23,194.24,268.87,6.39
1,2549,120.19,4.57,4.01,16.63,0.12,131.41,13.72,1.79,13.38,0.07,0.14,3.12,93.87,15.75,66.51,2.69,2.24,0.12,0.07,207.81,107.8,90.2,14.16
1,2550,118.15,2.95,4.53,16.5,0.04,128.61,2.5,1.74,2.38,0.07,0.14,3.12,93.17,14.75,65.34,2.61,2.16,0.12,0.07,197.05,107.18,307.3,14.07
1,2552,65.85,3.64,0.71,11.19,0.39,14.18,17.53,1.21,3.3,0.02,0.04,1.53,162.2,31.79,15.23,0.95,1.02,0.52,0.15,327.56,124.11,684.12,27.05
1,2553,65.68,3.32,1.77,9.41,0.36,24.1,1.99,0.99,145.38,0.02,0.1,1.42,129.39,28.7,23.79,3.23,0.93,0.44,0.37,313.54,108.02,560.71,21.84
1,2554,159.27,1.32,7.89,21.36,0.05,0.44,0.24,0,2.63,0,0,0.01,0,0.74,0.89,0.04,0.01,0,0.04,5.19,0.72,450.35,0.03
1,2555,140.23,2.4,7.23,16.78,0.14,106.82,1.41,0.82,33.46,0.05,0.13,0.26,0,10.1,29.11,1.21,0.54,0.08,0.06,84.78,65.08,224.41,6.33
1,2556,149.93,12.33,6.26,11.52,4.09,70.55,0.32,1.92,4.42,0.07,0.15,0.55,43.15,42.17,128.12,20.76,1.27,0.29,1.6,216.07,158.78,835.77,7.04
1,2557,263.99,12.02,18.45,12.49,8.53,72.65,0.18,3.84,1.96,0.17,0.26,2.26,34.09,53.11,87.71,28.89,2.07,0.16,2.57,345.22,185.76,407.92,9.84
1,2558,30.39,4.75,1.14,2.47,2.03,339.92,22.84,1.37,2038.11,0.05,0.11,1.27,0,44.47,46.67,2.27,0.74,0.11,0.51,247.84,53.94,388.67,1.09
1,2559,32.1,5.17,1.32,1.73,1.75,9.04,19.28,0.27,55.62,0.02,0.05,0.84,0,10.29,30.08,0.61,0.62,0.07,0.21,71.28,35.07,350.56,1.02
1,2560,35.21,5.93,1.43,2.25,2.51,9.47,8.17,1.07,26.73,0.14,0.17,3.69,0,16.26,1.88,1.33,0.37,0.13,0.1,187.49,88.38,419.54,0.32
1,2561,101.12,4.94,6.71,6.89,1.33,101.17,1.61,1.34,16.54,0.12,0.21,2.03,0,13.33,26.07,1.58,0.69,0.14,0.09,168.79,104.35,1160.17,6.3
1,2562,48.47,4.78,1.99,4.13,1.23,0.08,0.14,1.03,0.5,0.07,0.24,5.59,0,22.19,57.62,1.47,0.73,0.35,0.2,159.52,56.19,378.28,0.67
1,2563,216.31,37.14,3.23,10.33,0.55,67.14,4.35,0.25,387.19,0.03,0.09,3.14,13.1,15.8,28.54,0.52,0.3,0.08,0.1,110.73,43.73,423.89,1.82
1,2564,126,6.87,4.95,13.66,0.05,17.63,1.18,1.01,22.18,0.07,0.1,6.71,52.73,52.61,41.27,2.07,0.46,0.11,0.56,313.12,138.4,878.4,11.45
1,2565,48.19,6.6,1.57,2.27,0.43,20.7,2.79,0.79,104.65,0.03,0.02,0.44,2.33,40,44.58,1.91,0.35,0.1,0.59,230,39.99,686.44,4.29
1,2566,25.53,3.7,0.84,1.18,0.65,167.64,4.27,1.44,27.7,0.03,0.12,1.13,0,22.13,43.23,1,0.2,0.03,0.14,231.09,24.71,305.65,6.99
1,2567,48.77,4.96,2.78,1.58,0.68,16.33,21.21,2.09,98.06,0.03,0.07,0.76,0,15.78,46.49,0.92,0.34,0.04,0.18,71.07,31.53,639.89,2.54
1,2568,353.58,46.12,13.65,12.41,0.79,9.78,0.35,0.57,26,0.07,0.12,2.78,24.24,14.41,12.39,4.6,1.1,0.37,1.16,127.04,120.39,758.78,6.58
1,2569,125.04,22.45,1.53,7.15,1.75,15.89,0.41,3.09,35.62,0.08,0.09,0.6,6.16,38.85,65.18,1.91,0.77,0.3,0.32,260.49,122.45,16.25,1.99
1,2570,340,70.32,0.88,14.48,1.76,4.4,0,2.75,26,0.05,0.09,2.48,0,34.6,22.6,5.38,0.99,0.63,1.62,196.6,152.2,17.84,4.54
1,2571,45.86,6.21,1.99,2.39,1.44,15.34,4.73,0.92,92,0.03,0.05,0.46,0,18.68,27.2,0.77,0.34,0.12,0.18,163.15,44.44,431.86,1.05
1,2572,242.94,41.33,2.23,14.98,7.77,29.91,0.7,6.04,3.16,0.36,0.18,2.63,0,85.26,70.03,3.78,1.86,0.45,0.84,649.06,203.44,557.38,1.34
1,2573,62.34,12.92,1.35,1.94,2.27,19.08,53.76,2.11,112.72,0.04,0.02,0.26,0,10.4,23.41,1.04,0.49,1.62,0.63,124.86,22.54,8.67,0.24
1,2574,51.45,13.04,0.3,0.58,1.49,12.89,25.24,1.6,48.16,0.05,0.02,0.28,0,8.52,13.77,0.75,0.29,0.58,0.52,139.61,17.16,4.65,0.21
1,2575,342.14,5.82,30.73,10.78,0.48,14.52,0.16,0.28,0.58,0.18,0.13,2.81,64.1,13.02,5.3,1.3,1.66,0.05,0.03,164.98,130.17,425.63,9.61
1,2576,49.27,9.73,0.69,2.06,1.32,16.31,3.66,1.3,97.56,0.04,0.04,0.21,0,14.54,10.38,0.59,0.27,0.11,0.3,104.04,36.66,4.46,0.29
1,2577,211.6,43.68,0.56,9.64,1.64,34.4,2.4,2.51,206,0.06,0.07,1.52,0,33,22.6,3.46,0.75,0.44,0.94,211.8,113.4,10.52,2.76
1,2580,213.81,46.08,0.56,6.85,1.08,10.38,70.43,0.73,57.14,0.04,0.07,1.54,0,17.1,20.19,3.11,0.76,0.29,1.28,182.05,72.52,23.15,2.49
1,2581,124.71,31.18,0.3,1.09,1.88,39.6,240.59,0.77,237.62,0.06,0.09,0.89,0,24.77,21.84,1.19,1.51,0.06,0.32,371.31,22.8,1.21,0.8
1,2582,60.83,15.6,0.16,0.65,1.42,22.92,12.25,1.15,136.96,0.03,0.03,0.34,0,13.66,8.97,0.35,0.19,0.18,0.15,117.6,15.61,1.08,0.72
1,2583,52,12.8,0.16,0.58,0.78,34.4,23.8,1.34,206,0.06,0.03,0.38,0,9.6,11.6,0.4,0.16,0.1,0.04,129,16.8,1.3,0.36
1,2586,297.35,22.06,19.65,11.19,3.18,12.83,16.81,8.6,76.99,0.33,0.07,8.08,0,88.9,22.65,1.07,1.15,0.45,0.82,339.94,155.58,2.09,1.87
1,2587,137.18,5.4,11.07,4.68,2.13,49.61,3.86,12.9,293.44,0.04,0.16,0.87,0,71.45,40.6,6.65,1.54,0.49,2.19,209.62,125.29,535.32,0.81
1,2588,328.83,4.11,30.11,10.77,0.24,15.99,2.71,0.32,11.04,0.18,0.13,2.85,62.89,16.06,9.91,1.43,1.69,0.06,0.1,186.01,133.81,418.51,9.54
1,2589,142.68,3.9,7.1,16.07,0.22,5.45,2.62,0.52,9.54,0.37,0.1,4.14,42.44,26.31,10.41,1.43,1.86,0.14,0.09,271.91,150.69,470.87,4.24
1,2590,50.43,7.54,1.86,1.52,0.57,75.68,16.44,0.61,452.45,0.03,0.03,0.57,0,10.22,13.81,0.51,0.23,0.08,0.11,174.14,34.65,647.68,0.56
1,2591,54.12,9.57,1.4,1.94,1.21,7.39,4.97,1.53,45.94,0.02,0.04,0.6,0,15.42,26.57,0.76,0.31,0.11,0.21,154.08,34,647.99,0.76
1,2592,352.74,14.47,21.43,25.5,0.47,73.12,0.64,13.43,15.54,0.18,0.1,1.59,32.14,40.75,41.8,8.63,2.63,0.65,1.26,341.64,203.43,924.17,5.25
1,2593,152.54,29.34,1.06,6.99,0.81,0,0,0.56,0,0.04,0.04,0.8,0,25.12,25.25,2.15,0.5,0.19,0.86,39,62.88,5.84,1.69
1,2594,52.8,5.28,1.33,4.61,0,35.34,0,0.28,0,0.02,0.04,0.03,0,1.53,8.52,0.3,0.17,0.02,0.01,23.28,19.66,19.88,2.17
1,2595,40.84,7.04,1.27,1.56,1.22,9.62,5.2,1.02,59.54,0.02,0.04,0.62,0,14.63,25.56,0.72,0.25,0.1,0.21,142.08,25.29,578.75,0.52
1,2596,39.87,5.88,1.36,2.13,1.14,5.15,57.55,1.39,30.91,0.03,0.08,0.58,0,17.17,22.21,1.12,0.38,0.05,0.2,192.83,45.46,477.83,0.73
1,2598,78.18,9.78,3.97,1.64,0.85,7.89,4.15,2.72,47.24,0.03,0.03,0.43,0,21.58,80.97,3.38,0.44,0.26,0.14,73.71,48.07,278.02,0.69
1,2599,376.04,71.4,4.07,13.7,0.15,0,0,1.32,0,0.13,0.06,0.87,0,0.06,2.21,0.39,0,0,0.01,0,36.48,0.02,0
1,2601,312.97,66.69,1.35,9.28,2.33,0.51,3.59,1.58,0,0.07,0.11,1.76,0,38.49,36.29,3.56,0.88,0.35,1.13,223.46,109.91,11.49,2.98
1,2636,336.67,71.07,2.27,12.47,4.53,7.33,0,4.03,43.33,0.15,0.09,1.47,0,142.33,59.67,3.77,1.5,0.47,0.52,380.33,207.67,2.2,4.69
1,2637,196.96,37.83,1.58,9.33,1.49,6.81,20.29,1.04,36.23,0.06,0.07,1.95,6.3,38.85,36.38,3.44,1.16,0.3,1.19,172.7,111.96,869.64,3.59
1,2638,81.53,15.69,0.37,7.04,3.1,38.42,12.07,0.61,229.06,0.27,0.09,1.6,0,36.73,12.64,2.67,1.18,0.32,0.47,294.05,160.84,584.25,2.14
1,2639,33.99,3.89,1.06,2.66,0.47,67.98,14.04,1.09,406.4,0.03,0.03,0.49,0,13.33,48.11,0.78,0.37,0.11,0.18,151.44,46.31,586.42,0.69
1,2640,21.57,5.2,0.1,0.69,0.78,145.1,7.84,0.35,872.55,0.03,0.04,0.39,0,7.88,16.12,0.41,0.14,0.03,0.08,142.43,23.53,771.59,0.47
1,2641,335,61.5,1,21.6,1.7,0,2,1.6,0,0.09,0.13,1.9,0,57,31,8.2,3.42,0.99,1.09,1117,418,86,1.3
1,2642,51.2,8.78,1.2,1.52,0.38,12.2,19,0.19,6,0.02,0.08,0.26,6,8.8,52.4,0.64,0.4,0.09,0.14,133.8,49,17.96,1.1
1,2643,108.37,2.73,9.26,3.84,0.37,15.52,6.65,0.45,66.5,0.07,0.06,1.01,19.7,15.05,19.54,0.78,0.64,0.05,0.06,125.82,57.64,599.2,3.24
1,2644,22.88,1.76,0.49,4.25,1.44,0,0,0,0,0,0,0,0,0.04,0.43,0.02,0,0,0.01,0.27,0,770.8,0.02
1,2645,89.11,3.63,2.84,12.28,0,19.14,0.33,0.52,0,0.04,0.11,1.68,90.76,30.71,86.69,0.97,1.42,0.06,0.05,227.53,151.49,428.69,10.1
1,2646,281.6,60.32,0.82,9.3,1.04,12.8,9.6,2.24,76,0.06,0.12,1.88,0,27.2,11.6,3.5,0.64,0.47,1.66,206.2,99.2,18.46,3.21
1,2647,346,72.4,0.9,12.7,0.6,0,0,0.7,0,0,0.08,2.6,0,12,8,5.1,0.69,0.52,1.75,49,106,21.5,4.6
1,2648,172.22,35.62,1.54,5.39,1.5,6.54,10.13,0.92,39.22,0.03,0.04,0.2,0,36.97,29.84,1.82,0.74,0.12,0.81,92.43,105.56,887.18,5.08
1,2649,31.6,7.07,0.1,1.15,0.53,0,0,1.7,0,0.02,0.14,1.22,0,23.72,44.64,1.24,0.17,0.01,0.08,227.74,21.23,732,9.01
1,2650,20.25,2.55,0.59,2.27,1.06,46.03,5.81,0.45,277.62,0.02,0.15,0.88,0,17.3,33.05,5.15,0.42,0.11,0.66,195.59,43.63,365.09,0.85
1,2651,35.23,4.8,1.31,2.89,1.76,472.23,31.01,2.37,2831.4,0.04,0.11,0.69,0,60.84,86.88,3.8,0.9,0.12,0.67,308.15,57.67,540.41,1.05
1,2652,205.33,32.93,2.1,14.43,11.23,344.67,16.67,3.73,133.33,0.05,0.35,7.93,0,150.67,214,32,2.25,0.84,12.02,597.67,116,16.23,4.75
1,2653,45.67,10.67,0.27,0.77,1.63,2,14,0.61,13.33,0.01,0.02,0.2,0,10.67,24,0.33,0.2,0.03,0.06,115.33,17.33,41.2,0.41
1,2654,48.32,5.67,1.55,5.12,2.11,11.96,7.66,0.82,71.84,0.05,0.1,0.8,0,23.3,28.71,2.61,0.6,0.19,0.47,209,81.33,775.73,1.16
1,2655,38.89,4.58,1.27,3.3,1.05,11.11,36.6,1.44,65.36,0.03,0.03,0.33,0,20.63,63.18,1.1,0.6,0.13,0.26,208.44,61.76,774.79,1.01
1,2656,19.93,4.58,0.13,0.88,0.82,32.03,19.93,0.79,192.81,0.02,0.03,0.39,0,13.44,27.23,0.48,0.24,0.05,0.09,166.61,24.51,812.83,0.47
1,2657,346.27,65.52,4.64,12.68,5.48,4.05,0,3.81,20,0.22,0.11,2.69,0,132.41,45.32,4.25,2.35,0.47,2.03,382.55,261.82,7.18,3.82
1,2658,288.08,60.77,0.83,9.88,1.13,0,0,0.54,0,0,0.06,2,0,9.23,6.15,3.92,0.53,0.4,1.35,37.69,81.54,16.54,3.54
1,2659,247.71,49.54,1.57,9.48,0.46,76.8,7.84,0.31,460.78,0.01,0.03,0.26,0,8.21,14.16,0.54,0.15,0.03,0.15,80.99,12.42,773.45,0.47
1,2660,86.96,0.49,0.49,20.16,0,13.83,0,0,0,0.04,0.13,2.67,112.65,83.03,41.76,0.51,0.85,0.01,0.01,317.36,229.25,594.89,24.52
1,2661,74.79,17.95,2.89,4.43,10.39,5.51,7.98,2.71,28.52,0.15,0.07,0.83,0,41.7,18.2,1.82,2.08,0.22,2.77,393.7,88.71,452.92,0.43
1,2662,165.83,2.48,9.78,17.09,0.17,40.02,6.03,3.46,239.84,0.02,0.03,3.52,159.17,32.49,41.6,1.74,1.11,0.18,0.07,206.27,229.05,478.76,30.38
1,2663,41.06,2.61,2.15,3.33,0.53,63.03,13.64,0.48,60.61,0.03,0.07,0.27,0,8.36,27.45,0.62,0.31,0.09,0.04,94.3,38.64,626.87,3.44
1,2664,65.12,11.92,0.97,2.44,1.45,0,0,0,0,0,0,0,0,0,0,0,0,0,0,0,0,0,0
1,2665,11,1.8,0.2,1.4,0.9,63,5,0.32,380,0.01,0.19,1,0,16,38,6.9,0.38,0.1,0.79,212,32,40.9,0.81
1,2666,270.75,56.58,0.84,10.28,0.58,0,0,0.52,0,0,0.06,1.95,0,9,6,3.82,0.52,0.39,1.31,36.75,79.5,16.12,3.45
1,2667,37.93,4.31,1.23,3.57,1.45,17.73,23.65,0.74,22.17,0.04,0.06,0.67,0,18.5,19.29,0.88,0.45,0.13,0.29,153.41,59.61,587.08,0.82
1,2668,102.12,4.81,5.56,8.75,0.62,206.92,7.88,1.4,376.71,0.07,0.17,0.12,0,16.52,41.25,2.71,0.89,0.15,0.15,195.51,97.26,1696.58,8.88
1,2669,29.56,2,1.13,2.96,0.62,220.2,9.61,1.42,0,0.03,0.05,0.34,0,19.98,65.84,1.15,0.48,0.09,0.22,156.61,49.26,606.96,1.43
1,2670,20.59,3.66,0.2,1.27,0.82,37.91,32.35,0.51,179.74,0.03,0.03,0.46,0,10.82,35.73,0.54,0.21,0.05,0.15,134.59,24.51,790.22,0.7
1,2671,43.14,4.58,0.56,5.49,0.65,1.96,13.73,1.25,13.07,0.02,0.04,1.57,39.54,18.34,25.92,1.69,0.58,0.12,0.07,154.52,45.1,830.87,4.54
1,2672,42.81,3.2,1.41,4.48,1.57,230.07,30.72,1.12,0,0.03,0.09,0.59,0,86.64,176.25,4.17,0.89,0.18,0.67,176.42,77.45,794.33,1.11
1,2675,201.62,33.75,3.3,9.49,0.14,87.46,5.49,0.64,158.96,0.04,0.08,0.23,0,5.24,17.84,0.65,0.33,0.06,0.04,87.41,40.46,717.34,3.79
1,2676,244.44,53.31,0.47,7.38,0.62,4.17,2.5,0.86,25,0.14,0.04,1.79,0,38.25,19.08,2.25,0.71,0.29,0.66,118.31,99.72,1221.46,8.31
1,2677,21.23,4.89,0.21,0.85,0.81,13.68,24.11,0.05,80.37,0.02,0.05,0.5,0,33.35,69.18,0.66,0.19,0.07,0.1,123.69,25.09,805.08,0.99
1,2678,68.63,14.9,0.2,1.86,1.18,2.94,43.14,0.72,0,0.09,0.03,0.29,0,18.67,38.67,1.39,0.23,0.11,1.28,238.51,56.86,814.14,0.4
1,2679,26.85,5.22,0.27,2.17,1.53,529.31,26.85,1.39,2157.64,0.04,0.09,0.59,0,46.33,56.98,2.4,0.69,0.1,0.55,276.81,41.38,661.49,0.89
1,2681,145.26,31.48,1.58,4.03,2.98,152.57,4.15,1.69,98.81,0.1,0.07,1.3,0,48.25,21.21,1.51,0.85,0.14,0.32,240.09,110.47,495.98,1.74
1,2682,28.57,6.43,0.25,2.44,2.22,25.62,13.79,1.94,155.17,0.07,0.1,1.67,0,30.08,21.75,1.47,0.5,0.15,0.33,201.19,64.53,584.52,1.68
1,2683,54,3.4,3.2,3,0,24,1,0.21,0,0.03,0.14,0.1,15,11,104,0.3,0.42,0.02,0.03,109,73,37.2,1.94
1,2684,75.12,18.65,0.35,2.02,2.64,2.88,42.35,0.79,19.23,0.09,0.05,0.33,0,31.23,69.5,2.16,0.45,0.15,1.31,234.73,57.23,48.45,0.56
0,632,253.39,8.28,18.57,13.64,0.39,31.96,1.03,5.82,15.09,0.31,0.1,3.26,124.35,27.58,19.24,2.24,1.77,0.14,0.18,229.53,139.44,516.96,4.92
0,1185,180.72,5.16,11.34,14.38,0.23,27.64,0.34,6.26,12.26,0.05,0.09,1.54,126.68,36.82,50.38,1.51,0.74,0.07,0.14,232.42,152.15,258.47,33.01
0,1206,92.72,4.43,4.45,8.53,0.03,7.55,0.41,1.41,5.57,0.02,0.1,1.84,126.43,19.5,65.28,0.67,1.73,0.06,0.05,157.72,106.88,318.14,12.78
0,1828,298.27,3.53,26.39,11.84,0.13,165.37,2.65,1.96,14.45,0.22,0.18,1.69,569.91,27.7,48.76,3.36,2.31,0.14,0.09,149.8,165.56,343.62,14.98
0,1847,194.1,10.25,11.25,13,0.04,83.87,0.27,4.55,1.68,0.13,0.1,3.11,298.53,17.8,23.76,1.73,1.12,0.09,0.06,133.7,114.75,166.62,7.92
0,1962,224.02,15.94,10.97,16.22,0.14,39.07,0,6.26,0.37,0.08,0.12,6.87,50.93,22.72,11.57,1.02,0.63,0.09,0.14,242.01,162.25,38.23,8.68
0,1965,263.65,13.36,15.91,16.79,0,116.95,0.1,0.75,0,0.07,0.56,0.36,131.75,36.68,435.36,2.13,3.96,0.1,0.1,80.02,199.15,322.84,4.35
0,1994,250.9,23.94,14.3,6.66,0.38,99.43,0.24,5.12,0,0.06,0.13,0.09,106.5,8.78,51.83,1.24,0.72,0.08,0.06,75.91,71.07,93.54,6.22
0,2081,231.82,21.27,14.35,4.31,0,76.94,0.3,0.76,0,0.05,0.1,0.08,163.34,9.07,52.25,1.09,0.63,0.06,0.03,63.31,61.6,83.88,4.98
0,2082,461.25,35.55,32.76,6.42,1.62,85.47,0,0.82,0,0.05,0.08,0.05,203.89,7.43,29.91,1.2,0.59,0.06,0.03,46.49,49.43,38.38,5.59
0,2084,389.47,46.84,20.9,3.48,0,52.5,0,0.41,0,0.02,0.06,0.04,43.07,4.13,23.47,0.74,0.28,0.05,0.04,41.7,32.64,111.08,3.45
0,3298,153.36,7.99,9.85,8.96,0.83,3.18,1.96,4.8,16.79,0.04,0.08,1.58,27.86,66,158.61,7.93,1.3,0.26,1.37,211.64,113.89,7724.58,12.86
0,3424,193.78,37.69,5.35,3.3,3.93,9.83,3.04,0.58,46.17,0.04,0.09,0.91,3.96,38.23,94.17,3.57,0.48,0.17,0.9,114.26,56.32,2295.77,0.84
0,3471,235.94,8.99,20.29,6.16,1.84,6.17,3.89,9.87,36.67,0.06,0.09,2.03,0,73.17,341.83,15.95,1.57,0.31,1.35,239.83,207.22,6649.97,2.32
0,2142,81.58,4.87,4.95,4.88,1.03,16.1,21.01,0.11,46.06,0.14,0.08,0.9,10.45,9.6,41.08,1.1,0.61,0.05,0.11,171.7,73.16,155.56,1.48
0,2175,139.06,16.78,5.95,6.77,2.32,23.71,7.57,0.93,141.95,0.16,0.06,1.59,9.41,19,13.55,1.25,0.86,0.14,0.69,202.39,76.11,13.51,1.5
0,2201,416.53,33.39,28.75,7.01,0.91,24.83,1.27,1.34,28.13,0.17,0.06,1.13,39.27,22.16,21.68,2.14,0.99,0.22,0.6,159.45,96.48,439.91,3
0,263,277.79,45.28,8,7.86,1.66,0,0,4.71,0,0.27,0.1,1.97,0,35.89,39.6,3.03,1.13,0.3,0.98,123.59,155.2,312.6,3.31
0,348,462.12,33.4,35.15,3.15,0.1,0,0,8.48,0,0.05,0.03,0.36,22.5,1.45,7.75,0.8,0.12,0.03,0.04,5.23,17.79,1.86,0.12
0,1939,143.19,23.05,3.92,4.4,2.07,0,2.17,0.88,0,0.06,0.03,0.49,2.17,5.7,1.78,0.38,0.14,0.01,0.04,35.28,27.25,182.37,0.24
0,1948,187.19,6.41,16.1,5.18,1.04,6.14,1.6,0.87,4,0.07,0.06,1.14,26.58,7.95,7.2,0.66,0.69,0.03,0.04,92.26,57.68,19.31,3.87
0,2211,520.06,48.12,34.44,4.05,0.87,14.8,0.45,0.17,0,0.02,0.03,0.23,151.01,5.8,22.53,1.37,0.19,0.03,0.04,23.45,16.8,16.84,1.76
0,2218,277.36,32.7,14.39,4.95,1.84,42.88,0,0.44,0,0.03,0.03,0.01,186.39,3.21,12.48,0.56,0.35,0.04,0.01,21.2,18.99,60.72,2.6
0,2224,210.73,24.05,11.64,2.8,0.37,67.74,1.42,0.76,128.21,0.04,0.08,0.23,137.12,10.43,48.18,0.96,0.5,0.07,0.04,111.5,48.35,135.4,3.19
0,2231,266.8,43.63,7.45,7.64,1.14,47.67,0.2,0.45,0,0.1,0.1,0.51,103.11,6.05,38.54,0.86,0.38,0.04,0.03,40.1,56.42,209.2,2.72
0,2235,273.27,22.83,18.81,3.64,0.44,23.47,0.4,1.52,0,0.04,0.05,0.2,69.38,9.05,33.35,0.8,0.41,0.06,0.16,46.58,43.07,10.82,2.08
0,2258,417.59,45.3,23.94,5,0.92,69.21,0.22,0.76,0,0.09,0.1,0.31,220.49,9.31,47.21,1.1,0.68,0.04,0.01,38.23,66.43,19.31,4.41
0,2272,212.54,30.96,8.19,4,0.28,81.04,4.94,1.84,189.51,0.04,0.08,0.1,172.85,9.99,17.26,1.13,0.47,0.06,0.06,58.22,32.7,72.48,4.26
0,2277,464.6,41.5,31.44,3.06,0.4,18.8,0.08,0.32,0,0.01,0.04,0.06,66.8,3.58,24.25,0.43,0.17,0.06,0.03,38.8,34.85,21.79,1.62
0,2286,349.21,20.76,21.87,17.63,0,123.54,0,0.58,0,0.07,0.53,0.37,7.8,36.86,461.89,1.65,3.98,0.1,0.1,115.43,256.3,354.79,3.17
0,2335,143.1,17.15,6.38,4.35,0,80.74,0.71,0.88,0,0.07,0.14,0.09,230.09,14.22,93.2,1.24,0.86,0.06,0.04,92.15,88.01,34.53,5.31
0,2365,291.22,48.2,7.46,9.03,1.2,26.44,0.11,1.16,0,0.22,0.12,1.52,16.22,30.46,44.01,2.35,1.08,0.25,0.85,131.24,144.01,305.01,4.67
0,2177,270.86,11.42,21.06,7.78,0.3,19.9,4.42,0.45,107.69,0.06,0.03,1.18,25.69,14.89,12.72,0.9,0.85,0.07,0.08,173.06,45.19,687.47,1.37
0,372,150.79,10,6.83,11.07,0.13,24.03,3.33,3.72,14.1,0.01,0.08,1.88,90.42,37.31,154.48,1.43,2.46,1.22,0.17,189.39,109.46,240.77,59.89
0,399,195.51,10.54,12.23,11.34,0.56,25.09,0.16,2.63,1.8,0.01,0.08,1.94,102.09,36.85,161.01,1.28,2.57,1.29,0.17,183.55,110.16,370.6,63.73
0,406,119.26,5.49,7,8.84,0.31,73.14,6.03,2.44,339.71,0.01,0.08,1.47,68.07,28.99,123.47,1.36,1.82,0.86,0.19,178.06,82.44,207.35,42.16
0,408,204.96,9.84,13.44,11.2,0.06,42.44,0.27,5.91,2.96,0.02,0.09,1.65,80.54,32.45,141.94,1.6,2.31,1.11,0.2,173.24,106.49,455.22,54.67
0,481,166.82,6.64,11.1,9.79,0.18,27.03,4.59,1.82,42.95,0.02,0.11,1.58,81.44,31.1,123.73,1.39,1.98,0.97,0.17,165.89,90.01,302.94,48.43
0,635,127.85,6.66,5.48,11.94,0.31,26.49,0.36,2.58,5.13,0.01,0.09,2.2,106.84,42.52,185.22,1.61,2.91,1.44,0.3,213.95,125.05,899.56,70.74
0,639,93.08,4.8,2.38,13.1,0.05,28.78,0.08,2.82,3.2,0.01,0.1,2.42,117.7,45.57,197.01,1.76,3.18,1.58,0.34,237.23,137.8,254.97,77.93
0,746,170.82,15.06,8.01,9.82,0.24,16.59,0.07,4.27,0.76,0.02,0.06,1.91,68.61,38.28,127.67,1.58,2.24,0.97,0.27,152.65,93.57,1505.98,46.06
0,926,119.89,4.61,6.06,11.78,0.11,48.98,0.34,4.02,1.11,0.03,0.11,1.95,150.85,37.24,164.04,1.62,2.7,1.28,0.2,202.6,133.03,325.06,63.85
0,946,170.83,7.57,11.41,9.61,0.18,75.9,0.34,3.94,0.66,0.05,0.15,1.41,197.09,36.34,120.99,3.06,3.76,2.45,0.33,175.06,134.1,262.37,53.47
0,1572,121.19,4.74,6.68,10.34,0.09,26.63,0.49,2.46,19.82,0.01,0.08,1.87,96.28,36.15,155.87,1.27,2.46,1.23,0.21,179.5,105.98,292.44,60.71
0,1852,305.55,40.35,11.46,11.43,1.12,38.02,0,2.48,0,0.16,0.24,1.19,9.36,38.83,186.96,2.53,2.41,0.26,0.91,118.21,170,971.28,3.19
0,2046,394.36,31.54,25.31,11.22,1.98,54.45,0.14,3.52,0,0.03,0.25,0.38,18.44,31.82,230.55,1.7,1.94,0.14,0.49,96.77,105.22,144.7,0.92
0,2166,334.46,5.5,33.76,6.3,3.29,207.28,2.68,4.72,1157.75,0.03,0.12,0.65,1.03,72.47,221.95,2.97,1.59,0.59,1.2,362.54,146.76,613.59,0.4
1,3016,134.37,13.48,11.07,4.5,1.26,65.19,8.72,3.23,390.48,0.02,0.1,1.28,0,9.42,20.56,0.9,0.43,0.14,0.21,121.77,37.12,452.07,0.79
1,3017,383.56,3.5,31.26,22.22,0.17,87.16,2.01,3.79,52.33,0.03,0.05,0.55,76.56,27.29,27.54,5.08,2.33,0.08,0.17,295.06,173.35,931.45,15.57
1,3018,200.4,41.22,0.52,10.6,2.9,8.8,0,5.21,52,0.13,0.11,1.7,0,66.8,53.4,3.42,1.28,0.49,0.73,433.8,165.6,5.48,5.97
1,3019,185.2,6.97,16.53,4.77,1.16,58.12,4.21,0.75,23.08,0.07,0.24,2.07,0,10.99,19.46,1.38,0.75,0.28,0.15,209.7,82.21,351.06,3.71
1,3020,353.6,79.41,0.6,8.01,2.14,2.99,0,3.89,0,0.09,0.04,1.52,0,55.48,36.25,2.56,1.23,0.27,1.04,262.8,124.63,29.16,2.13
1,3021,19.67,0.35,0.72,2.97,0,23.17,0,0.31,0,0.01,0.02,0.55,16.83,2.5,11.67,0.47,0.38,0.02,0.01,32.67,19,16.15,2.53
1,3022,212.2,50.02,0.32,2.47,0.01,0,0,0,0,0,0,0,0,5.12,12.79,0.62,0.38,0.03,0.11,2.38,3.2,0.33,0.12
1,3023,133.55,11.05,12.01,3.13,6.81,66.56,24.91,1.94,32.56,0.09,0.05,0.59,0,34.28,44.96,1.65,1.39,0.15,1.82,254.46,66.05,473.93,0.35
1,3024,120.36,22.02,3.31,1.97,2.12,7.85,35.43,0.76,33.2,0.08,0.04,0.4,0,21.07,45.65,1.69,0.41,0.12,1.45,236.27,56.89,46.87,0.45
1,3025,103.21,2.75,4.19,13.88,0.23,13.78,5.36,1.71,28.95,0.04,0.1,2.34,68.58,29.2,35.44,0.96,0.77,0.06,0.15,284.15,171.15,1119.7,5.51
1,3026,185.76,5.53,12.87,12.05,1.29,8.78,1.03,1.63,4.62,0.05,0.09,2.11,58.42,31.67,31.51,1.31,0.94,0.06,0.57,276.45,158.03,409.61,4.7
1,3027,147.94,3.25,15.55,1.28,0.93,40.02,4.08,0.95,239.69,0.01,0.13,0.69,0,17.37,29.97,4.87,0.34,0.08,0.65,158.38,27.75,632.02,0.73
1,3028,79.42,2.81,6.99,2.24,0.41,38.14,6.71,0.56,64.62,0.03,0.05,0.18,0,12.57,24.34,0.62,0.27,0.06,0.09,95.72,32.96,292.58,1.96
1,3029,103.42,6.86,6.45,5.29,0.36,52.04,2.9,0.46,47.77,0.08,0.1,0.79,6.95,12.86,20.04,1.18,0.58,0.08,0.09,127.4,58.39,227.5,4.14
1,3030,268.6,12.76,20.1,10.9,0.11,86.67,0.12,0.67,5.25,0.21,0.13,1.96,25,22.56,26.54,2.62,1.36,0.1,0.2,172.73,114.91,900.26,7.56
1,3031,857.57,0.22,95.67,0.07,0.06,0.43,0.72,51.83,0,0,0,0.02,0,3.36,8.89,3.18,0.48,0.16,0.11,7.83,9.28,6.16,0.03
1,3032,153.74,2.31,12.51,8.82,0.24,21.86,1.88,0.11,32.04,0.03,0.12,2.45,61.06,18.12,13.16,0.94,0.47,0.05,0.03,130.73,82.89,255.28,5.81
1,3033,55.63,2.21,0.92,10.18,0.54,20.57,10.48,1.19,46.77,0.01,0.04,0.7,104.29,29.47,71.27,1.35,1.19,0.21,0.13,223.63,83.84,169.71,16.84
1,3034,70.43,4.38,5.17,2.87,1.34,8.05,3.57,0.81,34.74,0.04,0.05,1.02,10.75,12.07,17.67,0.59,0.48,0.09,0.13,127.21,41.22,181.32,2.12
1,3035,132.87,3.34,9.66,9.3,1.09,16.16,0.38,2.22,78.38,0.04,0.09,3.08,40.75,19.86,22.89,2.1,2.17,0.11,0.06,145.54,90.69,790.65,2.96
1,3036,81.81,17.36,0.5,3.98,2.08,654.39,28.06,0.5,3925.26,0.06,0.11,1.19,0,19.77,42.79,1.65,0.83,0.24,0.33,75.78,69.46,217.65,1.48
1,3037,169.24,19.06,5.11,14.38,8.62,399.53,16.77,8.64,2377.13,0.1,0.25,3.89,0,60.52,97.69,27.7,2.3,0.43,2.45,397.92,172.46,261.39,5.99
1,3038,158.34,2.83,10.98,12.35,0.34,49.51,2.12,4.75,49.29,0.04,0.12,1.85,51.09,28.98,40.58,1.8,0.81,0.08,0.22,232.12,147.23,340.78,6.25
1,3039,108.44,5.45,8.56,3.56,0.69,34.65,18.37,0.6,129.09,0.04,0.06,1.08,28.77,13.4,32.48,1.35,0.76,0.09,0.19,116.54,44.09,888.03,1.23
1,3040,31.6,3.94,1.45,1.39,0.66,50.88,15.48,1.24,304.76,0.03,0.03,0.56,0,15.63,43.69,1.64,0.23,0.08,0.14,132.92,35.59,327.66,0.37
1,3041,76.9,9.6,5.84,0.9,4.49,20.72,3.31,0.16,124.31,0.02,0.02,0.41,0,15.79,19.55,0.77,0.28,0.06,0.16,176,48.48,899,0.47
1,3042,60.54,4.99,2.69,4.51,1.76,217.9,29.65,1.57,7.92,0.03,0.09,0.75,0,87.72,142.81,3.96,0.69,0.14,0.65,179.11,74.9,281.19,0.88
1,3043,141.8,5.06,9.37,9.5,0.15,143.89,5.35,3.3,154.93,0.08,0.18,0.28,424.23,21.46,65.86,2.69,1.16,0.11,0.11,168.99,146.08,1261.76,16.74
1,3044,245.5,11.8,16.26,13.07,0.05,169.29,0,2.61,22.62,0.09,0.15,1.19,448.57,14.52,50,2.92,1.43,0.24,0.17,143.93,144.05,525.08,20.05
1,3045,328.62,23,26.55,3.45,2.74,12.77,4.94,0.29,75.96,0.03,0.06,0.93,0,6.25,15.44,0.41,0.19,0.03,0.07,89.45,33.05,203.75,0.36
1,3046,79.15,8.01,3.33,5.15,0.97,12.78,0.85,0.05,69.22,0.09,0.09,0.85,6.78,2.8,27.2,0.39,0.2,0.02,0.05,19.88,62.55,327.51,1.07
1,3047,121.46,18.3,4.16,3.78,0.81,25.42,5.28,0.3,39.89,0.02,0.05,0.53,0,30.66,10.77,0.67,0.23,0.11,0.46,182.93,31.82,245.77,1.77
1,3048,297,66.23,0.67,7.08,1.05,162.5,3.83,0.84,0,0.15,0.11,1.08,0,28.33,60.67,5.13,1.21,0.16,1.13,80.83,130,2,2.08
1,3049,319.02,63.11,2.06,12.28,0.07,0,0,0,0,0.06,0.03,0.38,0,0,0.9,0.15,0,0,0,0,16.11,0,0
1,3050,137.24,3.45,11.64,5.25,0.6,48.21,3.33,4.58,235.7,0.12,0.14,1.74,16.6,16.11,27.47,5.27,0.91,0.11,0.57,198.62,61.24,393.32,2.49
